date,coin,close
2026-04-10,BTC,72979.0469
2026-04-11,BTC,73054.2734
2026-04-12,BTC,70753.4062
2026-04-13,BTC,74484.6406
2026-04-14,BTC,74181.6094
2026-04-15,BTC,74805.0781
2026-04-16,BTC,75152.1328
2026-04-17,BTC,77126.875
2026-04-18,BTC,75726.2109
2026-04-19,BTC,73856.3516
2026-04-20,BTC,75872.5234
2026-04-21,BTC,76352.7734
2026-04-22,BTC,78203.1016
2026-04-23,BTC,78268.9531
2026-04-24,BTC,77455.3125
2026-04-25,BTC,77612.0156
2026-04-26,BTC,78657.5391
2026-04-27,BTC,77366.625
2026-04-28,BTC,76350.6719
2026-04-29,BTC,75776.1328
2026-04-30,BTC,76304.3203
2026-05-01,BTC,78179.0
2026-05-02,BTC,78657.25
2026-05-03,BTC,78538.2266
2026-05-04,BTC,79827.9062
2026-05-05,BTC,80927.0547
2026-05-06,BTC,81427.5312
2026-05-07,BTC,80009.9922
2026-05-08,BTC,80186.7656
2026-05-09,BTC,80664.3672
2026-05-10,BTC,82138.9297
2026-05-11,BTC,81728.2969
2026-05-12,BTC,80477.4922
2026-05-13,BTC,79277.1172
2026-05-14,BTC,81051.25
2026-05-15,BTC,79065.6797
2026-05-16,BTC,78131.4375
2026-05-17,BTC,77429.3516
2026-05-18,BTC,76954.1719
2026-05-19,BTC,76750.9062
2026-05-20,BTC,77457.7734
2026-05-21,BTC,77539.1719
2026-05-22,BTC,75488.2422
2026-05-23,BTC,76673.3672
2026-05-24,BTC,76981.125
2026-05-25,BTC,77279.9297
2026-05-26,BTC,75825.7344
2026-05-27,BTC,74344.7031
2026-05-28,BTC,73536.5547
2026-05-29,BTC,73372.5234
2026-05-30,BTC,73754.8359
2026-05-31,BTC,73579.6875
2026-06-01,BTC,71319.7734
2026-06-02,BTC,66703.6562
2026-06-03,BTC,64014.3672
2026-06-04,BTC,63801.5742
2026-06-05,BTC,60922.668
2026-06-06,BTC,60867.4141
2026-06-07,BTC,63239.5195
2026-06-08,BTC,63090.5898
2026-06-09,BTC,61643.7812
2026-06-10,BTC,61449.2891
2026-06-11,BTC,63561.0547
2026-06-12,BTC,63543.1992
2026-06-13,BTC,64421.3242
2026-06-14,BTC,65710.3984
2026-06-15,BTC,66289.5
2026-06-16,BTC,65600.6406
2026-06-17,BTC,64418.4453
2026-06-18,BTC,62896.4727
2026-06-19,BTC,63540.8359
2026-06-20,BTC,64239.6758
2026-06-21,BTC,63237.5391
2026-06-22,BTC,63952.1055
2026-06-23,BTC,62668.0195
2026-06-24,BTC,60995.1328
2026-06-25,BTC,59721.6758
2026-06-26,BTC,60016.4297
2026-06-27,BTC,59940.0977
2026-06-28,BTC,59532.3398
2026-06-29,BTC,60138.3789
2026-06-30,BTC,58558.8594
2026-07-01,BTC,60003.7578
2026-07-02,BTC,61485.3008
2026-07-03,BTC,62544.1992
2026-07-04,BTC,63088.3047
2026-07-05,BTC,63547.8828
2026-07-06,BTC,63995.0156
2026-07-07,BTC,63297.3945
2026-07-08,BTC,62257.5742
2026-07-09,BTC,63193.1484
2026-07-10,BTC,64127.1406
2026-07-11,BTC,63802.0273
2026-07-12,BTC,63758.2188
2026-07-13,BTC,62239.1211
2026-07-14,BTC,64956.1133
2026-07-15,BTC,64712.375
2026-07-16,BTC,63789.2812
2026-07-17,BTC,63899.4609
2026-07-18,BTC,64796.6016
2026-07-19,BTC,64690.8047
2026-07-20,BTC,65230.0273
2026-07-21,BTC,66505.125
2026-07-22,BTC,66100.7969
2026-07-23,BTC,65044.8125
2026-07-24,BTC,64098.4961
2026-07-25,BTC,64311.8125
2026-07-26,BTC,65340.3008
2026-07-27,BTC,63724.8984
2026-07-28,BTC,63871.3633
2026-07-29,BTC,63908.168
2026-07-30,BTC,64725.3086
2026-07-31,BTC,62813.7461
2026-08-01,BTC,62763.3203
2026-08-02,BTC,63482.0
2026-08-03,BTC,63460.8984
2026-08-04,BTC,64055.9531
2026-08-05,BTC,64597.5
2026-08-06,BTC,64262.1133
2026-08-07,BTC,64880.1914
2026-08-08,BTC,64904.6875
2026-08-09,BTC,64844.8867
2026-08-10,BTC,63910.5859
2026-08-11,BTC,63551.875
2026-08-12,BTC,63402.4336
2026-08-13,BTC,63402.1719
2026-08-14,BTC,62975.5938
2026-08-15,BTC,63024.3203
2026-08-16,BTC,62818.6523
2026-08-17,BTC,64506.2539
2026-08-18,BTC,64680.7109
2026-08-19,BTC,69266.1875
2026-08-20,BTC,73032.7578
2026-08-21,BTC,78335.1875
2026-08-22,BTC,77083.4141
2026-08-23,BTC,77755.2656
2026-08-24,BTC,78964.4844
2026-08-25,BTC,78564.9766
2026-08-26,BTC,79027.4219
2026-08-27,BTC,80257.5391
2026-08-28,BTC,77830.2891
2026-08-29,BTC,78245.8125
2026-08-30,BTC,77667.5703
2026-08-31,BTC,78548.6328
2026-09-01,BTC,77403.625
2026-09-02,BTC,77300.4766
2026-09-03,BTC,81271.7422
2026-09-04,BTC,79671.9688
2026-09-05,BTC,79823.8672
2026-09-06,BTC,80350.0469
2026-09-07,BTC,79115.8516
2026-09-08,BTC,78438.5781
2026-09-09,BTC,78259.5234
2026-09-10,BTC,76568.125
2026-09-11,BTC,77173.7969
2026-09-12,BTC,77270.4688
2026-09-13,BTC,76838.1562
2026-09-14,BTC,78163.3828
2026-09-15,BTC,75612.5078
2026-09-16,BTC,76150.3203
2026-09-17,BTC,76403.7734
2026-09-18,BTC,80901.4609
2026-09-19,BTC,81233.6797
2026-09-20,BTC,81142.6094
2026-09-21,BTC,86602.9141
2026-09-22,BTC,86172.2812
2026-09-23,BTC,84383.0078
2026-09-24,BTC,84379.0625
2026-09-25,BTC,84034.9219
2026-09-26,BTC,84406.4531
2026-09-27,BTC,84458.0859
2026-09-28,BTC,83502.6094
2026-09-29,BTC,83622.4297
2026-09-30,BTC,83553.8516
2026-10-01,BTC,84853.1016
2026-10-02,BTC,84497.2109
2026-10-03,BTC,84763.5781
2026-10-04,BTC,86480.3047
2026-10-06,BTC,85801.0234
2026-04-10,ETH,2245.1487
2026-04-11,ETH,2285.3901
2026-04-12,ETH,2192.2012
2026-04-13,ETH,2370.7148
2026-04-14,ETH,2323.3086
2026-04-15,ETH,2359.437
2026-04-16,ETH,2348.645
2026-04-17,ETH,2421.0718
2026-04-18,ETH,2351.1006
2026-04-19,ETH,2264.917
2026-04-20,ETH,2315.2124
2026-04-21,ETH,2327.9705
2026-04-22,ETH,2376.0881
2026-04-23,ETH,2331.5139
2026-04-24,ETH,2315.6902
2026-04-25,ETH,2318.8291
2026-04-26,ETH,2369.729
2026-04-27,ETH,2303.064
2026-04-28,ETH,2289.4197
2026-04-29,ETH,2253.4158
2026-04-30,ETH,2256.2512
2026-05-01,ETH,2295.0938
2026-05-02,ETH,2316.2319
2026-05-03,ETH,2321.6357
2026-05-04,ETH,2346.397
2026-05-05,ETH,2361.1826
2026-05-06,ETH,2350.802
2026-05-07,ETH,2291.1077
2026-05-08,ETH,2306.9722
2026-05-09,ETH,2326.7273
2026-05-10,ETH,2369.0439
2026-05-11,ETH,2339.3608
2026-05-12,ETH,2274.6436
2026-05-13,ETH,2257.5764
2026-05-14,ETH,2280.9348
2026-05-15,ETH,2223.3289
2026-05-16,ETH,2179.752
2026-05-17,ETH,2127.6453
2026-05-18,ETH,2128.5161
2026-05-19,ETH,2109.9639
2026-05-20,ETH,2126.9834
2026-05-21,ETH,2131.4106
2026-05-22,ETH,2064.637
2026-05-23,ETH,2115.9514
2026-05-24,ETH,2097.9939
2026-05-25,ETH,2111.3704
2026-05-26,ETH,2070.8582
2026-05-27,ETH,2022.1982
2026-05-28,ETH,2007.5527
2026-05-29,ETH,2011.9785
2026-05-30,ETH,2019.4583
2026-05-31,ETH,2004.3416
2026-06-01,ETH,2003.2212
2026-06-02,ETH,1857.7163
2026-06-03,ETH,1811.7323
2026-06-04,ETH,1769.5806
2026-06-05,ETH,1580.8608
2026-06-06,ETH,1568.7677
2026-06-07,ETH,1686.3962
2026-06-08,ETH,1690.1486
2026-06-09,ETH,1637.7067
2026-06-10,ETH,1620.1377
2026-06-11,ETH,1672.2806
2026-06-12,ETH,1665.1278
2026-06-13,ETH,1680.2146
2026-06-14,ETH,1724.6133
2026-06-15,ETH,1794.9612
2026-06-16,ETH,1790.3982
2026-06-17,ETH,1747.8855
2026-06-18,ETH,1709.5334
2026-06-19,ETH,1710.9824
2026-06-20,ETH,1739.3014
2026-06-21,ETH,1704.5806
2026-06-22,ETH,1726.5109
2026-06-23,ETH,1665.4368
2026-06-24,ETH,1619.9249
2026-06-25,ETH,1564.8167
2026-06-26,ETH,1576.6161
2026-06-27,ETH,1571.5883
2026-06-28,ETH,1570.3612
2026-06-29,ETH,1610.2058
2026-06-30,ETH,1569.5839
2026-07-01,ETH,1608.9607
2026-07-02,ETH,1698.1694
2026-07-03,ETH,1756.5187
2026-07-04,ETH,1779.033
2026-07-05,ETH,1783.006
2026-07-06,ETH,1797.5737
2026-07-07,ETH,1768.5115
2026-07-08,ETH,1742.6776
2026-07-09,ETH,1744.4846
2026-07-10,ETH,1795.6932
2026-07-11,ETH,1788.0996
2026-07-12,ETH,1805.7881
2026-07-13,ETH,1773.5007
2026-07-14,ETH,1889.4799
2026-07-15,ETH,1916.9437
2026-07-16,ETH,1863.1934
2026-07-17,ETH,1840.9882
2026-07-18,ETH,1861.3921
2026-07-19,ETH,1871.5085
2026-07-20,ETH,1903.7589
2026-07-21,ETH,1928.3838
2026-07-22,ETH,1933.4901
2026-07-23,ETH,1877.1002
2026-07-24,ETH,1860.1768
2026-07-25,ETH,1873.2224
2026-07-26,ETH,1953.4113
2026-07-27,ETH,1890.6135
2026-07-28,ETH,1919.9485
2026-07-29,ETH,1908.519
2026-07-30,ETH,1917.3729
2026-07-31,ETH,1860.3459
2026-08-01,ETH,1843.4177
2026-08-02,ETH,1882.522
2026-08-03,ETH,1858.2565
2026-08-04,ETH,1868.3859
2026-08-05,ETH,1906.526
2026-08-06,ETH,1902.0575
2026-08-07,ETH,1913.2794
2026-08-08,ETH,1915.533
2026-08-09,ETH,1908.6827
2026-08-10,ETH,1871.2787
2026-08-11,ETH,1881.3735
2026-08-12,ETH,1878.135
2026-08-13,ETH,1883.9913
2026-08-14,ETH,1880.65
2026-08-15,ETH,1880.9083
2026-08-16,ETH,1873.943
2026-08-17,ETH,1912.2021
2026-08-18,ETH,1916.4596
2026-08-19,ETH,2251.458
2026-08-20,ETH,2326.3848
2026-08-21,ETH,2515.2817
2026-08-22,ETH,2424.2512
2026-08-23,ETH,2463.8159
2026-08-24,ETH,2481.8313
2026-08-25,ETH,2443.1594
2026-08-26,ETH,2506.261
2026-08-27,ETH,2510.4102
2026-08-28,ETH,2442.5359
2026-08-29,ETH,2457.6863
2026-08-30,ETH,2417.9387
2026-08-31,ETH,2466.8203
2026-09-01,ETH,2417.842
2026-09-02,ETH,2391.501
2026-09-03,ETH,2508.0208
2026-09-04,ETH,2456.0781
2026-09-05,ETH,2480.7356
2026-09-06,ETH,2514.5488
2026-09-07,ETH,2490.958
2026-09-08,ETH,2484.9414
2026-09-09,ETH,2466.9138
2026-09-10,ETH,2437.0986
2026-09-11,ETH,2514.7339
2026-09-12,ETH,2525.9446
2026-09-13,ETH,2477.0208
2026-09-14,ETH,2514.407
2026-09-15,ETH,2399.0869
2026-09-16,ETH,2416.1199
2026-09-17,ETH,2447.1067
2026-09-18,ETH,2611.3472
2026-09-19,ETH,2631.9626
2026-09-20,ETH,2642.9976
2026-09-21,ETH,2776.4683
2026-09-22,ETH,2752.6326
2026-09-23,ETH,2684.6919
2026-09-24,ETH,2687.3015
2026-09-25,ETH,2690.4756
2026-09-26,ETH,2695.2131
2026-09-27,ETH,2686.9268
2026-09-28,ETH,2688.6687
2026-09-29,ETH,2676.7222
2026-09-30,ETH,2683.6794
2026-10-01,ETH,2705.5371
2026-10-02,ETH,2668.1511
2026-10-03,ETH,2687.2554
2026-10-04,ETH,2726.509
2026-10-06,ETH,2712.78
2026-04-10,SOL,84.8285
2026-04-11,SOL,84.9488
2026-04-12,SOL,81.5352
2026-04-13,SOL,86.6566
2026-04-14,SOL,83.7746
2026-04-15,SOL,84.9193
2026-04-16,SOL,88.9942
2026-04-17,SOL,88.8742
2026-04-18,SOL,86.2027
2026-04-19,SOL,83.5809
2026-04-20,SOL,85.333
2026-04-21,SOL,86.0295
2026-04-22,SOL,86.9158
2026-04-23,SOL,86.1411
2026-04-24,SOL,86.2319
2026-04-25,SOL,86.1512
2026-04-26,SOL,86.9704
2026-04-27,SOL,84.8178
2026-04-28,SOL,84.039
2026-04-29,SOL,83.0269
2026-04-30,SOL,83.0238
2026-05-01,SOL,83.7235
2026-05-02,SOL,84.2766
2026-05-03,SOL,83.8996
2026-05-04,SOL,84.0899
2026-05-05,SOL,86.3192
2026-05-06,SOL,89.145
2026-05-07,SOL,88.4048
2026-05-08,SOL,91.9498
2026-05-09,SOL,93.1455
2026-05-10,SOL,96.427
2026-05-11,SOL,97.3502
2026-05-12,SOL,94.2843
2026-05-13,SOL,91.0855
2026-05-14,SOL,92.1487
2026-05-15,SOL,89.2004
2026-05-16,SOL,86.5365
2026-05-17,SOL,85.173
2026-05-18,SOL,85.2969
2026-05-19,SOL,84.2086
2026-05-20,SOL,86.0419
2026-05-21,SOL,87.1562
2026-05-22,SOL,84.3071
2026-05-23,SOL,85.6585
2026-05-24,SOL,85.2497
2026-05-25,SOL,85.0105
2026-05-26,SOL,83.5865
2026-05-27,SOL,82.3681
2026-05-28,SOL,81.9854
2026-05-29,SOL,81.9325
2026-05-30,SOL,82.5473
2026-05-31,SOL,82.2983
2026-06-01,SOL,81.087
2026-06-02,SOL,74.1429
2026-06-03,SOL,71.6124
2026-06-04,SOL,68.7189
2026-06-05,SOL,63.4869
2026-06-06,SOL,62.1898
2026-06-07,SOL,66.3106
2026-06-08,SOL,66.795
2026-06-09,SOL,64.9621
2026-06-10,SOL,63.161
2026-06-11,SOL,66.822
2026-06-12,SOL,66.7493
2026-06-13,SOL,68.8728
2026-06-14,SOL,71.1662
2026-06-15,SOL,73.9793
2026-06-16,SOL,73.4138
2026-06-17,SOL,71.931
2026-06-18,SOL,69.6265
2026-06-19,SOL,69.7206
2026-06-20,SOL,73.1727
2026-06-21,SOL,72.4182
2026-06-22,SOL,71.9082
2026-06-23,SOL,69.6437
2026-06-24,SOL,67.9825
2026-06-25,SOL,67.5741
2026-06-26,SOL,71.8354
2026-06-27,SOL,70.4107
2026-06-28,SOL,71.3129
2026-06-29,SOL,74.9468
2026-06-30,SOL,73.5233
2026-07-01,SOL,77.3837
2026-07-02,SOL,80.644
2026-07-03,SOL,82.2801
2026-07-04,SOL,81.6496
2026-07-05,SOL,81.423
2026-07-06,SOL,81.9152
2026-07-07,SOL,80.6487
2026-07-08,SOL,77.787
2026-07-09,SOL,78.0455
2026-07-10,SOL,78.0666
2026-07-11,SOL,76.8242
2026-07-12,SOL,76.8738
2026-07-13,SOL,74.8614
2026-07-14,SOL,77.7624
2026-07-15,SOL,77.2641
2026-07-16,SOL,75.272
2026-07-17,SOL,75.0116
2026-07-18,SOL,75.4609
2026-07-19,SOL,76.3553
2026-07-20,SOL,77.7919
2026-07-21,SOL,78.1086
2026-07-22,SOL,77.9063
2026-07-23,SOL,75.8598
2026-07-24,SOL,73.8799
2026-07-25,SOL,74.4286
2026-07-26,SOL,76.6022
2026-07-27,SOL,74.1418
2026-07-28,SOL,73.6991
2026-07-29,SOL,73.5972
2026-07-30,SOL,74.468
2026-07-31,SOL,72.7897
2026-08-01,SOL,71.8663
2026-08-02,SOL,73.4488
2026-08-03,SOL,73.4737
2026-08-04,SOL,73.7178
2026-08-05,SOL,73.9614
2026-08-06,SOL,72.5765
2026-08-07,SOL,73.6427
2026-08-08,SOL,75.9722
2026-08-09,SOL,76.2121
2026-08-10,SOL,75.9452
2026-08-11,SOL,76.1951
2026-08-12,SOL,75.5255
2026-08-13,SOL,76.1773
2026-08-14,SOL,75.3273
2026-08-15,SOL,75.2723
2026-08-16,SOL,74.539
2026-08-17,SOL,75.9441
2026-08-18,SOL,77.0312
2026-08-19,SOL,85.3745
2026-08-20,SOL,87.6369
2026-08-21,SOL,93.6536
2026-08-22,SOL,93.9125
2026-08-23,SOL,95.4422
2026-08-24,SOL,98.5617
2026-08-25,SOL,96.6035
2026-08-26,SOL,102.1674
2026-08-27,SOL,109.2082
2026-08-28,SOL,104.127
2026-08-29,SOL,105.652
2026-08-30,SOL,101.8767
2026-08-31,SOL,102.9969
2026-09-01,SOL,99.9869
2026-09-02,SOL,100.3856
2026-09-03,SOL,103.9784
2026-09-04,SOL,101.9495
2026-09-05,SOL,103.1876
2026-09-06,SOL,106.4476
2026-09-07,SOL,103.8662
2026-09-08,SOL,103.3251
2026-09-09,SOL,101.6081
2026-09-10,SOL,98.6899
2026-09-11,SOL,102.3962
2026-09-12,SOL,101.7856
2026-09-13,SOL,99.2458
2026-09-14,SOL,102.4951
2026-09-15,SOL,96.8884
2026-09-16,SOL,98.6419
2026-09-17,SOL,101.6034
2026-09-18,SOL,112.5992
2026-09-19,SOL,111.0149
2026-09-20,SOL,111.1329
2026-09-21,SOL,118.7501
2026-09-22,SOL,118.5074
2026-09-23,SOL,114.9753
2026-09-24,SOL,117.0091
2026-09-25,SOL,122.0097
2026-09-26,SOL,121.4256
2026-09-27,SOL,122.0587
2026-09-28,SOL,118.8367
2026-09-29,SOL,119.0555
2026-09-30,SOL,117.9948
2026-10-01,SOL,118.3978
2026-10-02,SOL,118.6151
2026-10-03,SOL,119.6451
2026-10-04,SOL,121.5286
2026-10-06,SOL,120.86
